<?xml version="1.0" encoding="utf-8"?>
<level>

  <types>
    <decor id="s001" image="sidewalk1.png"/>
    <decor id="s002" image="sidewalk2.png"/>
    <decor id="r001" image="river.png"/>
    <decor id="r002" image="road1.png"/>
    <decor id="grass" image="grass1.png"/>
    <car id="michigan" name="Michigan" image1="invaderUMa.png" image2="invaderUMb.png"/>
    <car id="ohio" name="Ohio" image1="invaderOSa.png" image2="invaderOSb.png"/>
    <car id="iowa" name="Iowa" image1="invaderIa.png" image2="invaderIb.png"/>
    <car id="nebraska" name="Nebraska" image1="invaderNa.png" image2="invaderNb.png"/>
    <car id="wisc" name="Wisconsin" image1="invaderWa.png" image2="invaderWb.png"/>
    <boat id="b2" image="green-raft.png"/>
    <boat id="b4c" image="green-canoe.png"/>
    <boat id="b3c" image="yellow-boat.png"/>
    <boat id="b3b" image="red-boat.png"/>
    <boat id="b3r" image="red-raft.png"/>
  </types>

  <background>
    <decor id="s001" x="0" y="0" repeat-x="16" repeat-y="2"/>
    <decor id="r001" x="0" y="2" repeat-x="16" repeat-y="5"/>
    <decor id="grass" x="0" y="7" repeat-x="16" repeat-y="2"/>
    <decor id="r002" x="0" y="9" repeat-x="16" repeat-y="5"/>
    <decor id="s001" x="0" y="14" repeat-x="16" repeat-y="2"/>
    <rect color="255,240,0" x="0.15" y="10" height="0.0625" width="0.7" repeat-x="16" repeat-y="4"/>
    <rect color="255,240,0" x="0" y="9" height="0.0625" width="16"/>
    <rect color="255,240,0" x="0" y="13.9375" height="0.0625" width="16"/>
    <rect color="150,150,150" x="0" y="2" height="0.0625" width="16"/>
    <rect color="150,150,150" x="0" y="6.9375" height="0.0625" width="16"/>
  </background>

  <hero image="sparty.png" name="Sparty" hit-image="sparty-hit.png" mask="sparty-mask.png"/>
  <cargo id="grain" x="10.5" name="Grain" image="grain.png" carried-image="grain-carried.png"/>
  <cargo id="goose" x="7.5" name="Goose" image="goose.png" carried-image="goose-carried.png" eats="grain"/>
  <cargo id="fox" x="4.5" name="Fox" image="fox.png" carried-image="fox-carried.png" eats="goose"/>
 
  <river y="2" speed="1.5" width="20">
    <boat id="b2" x="7"/>
    <boat id="b3b" x="12"/>
  </river>
  <river y="3" speed="-4.5" width="20">
    <boat id="b2" x="7"/>
    <boat id="b3c" x="12"/>
  </river>
  <river y="4" speed="4.1" width="20">
    <boat id="b2" x="7"/>
    <boat id="b3b" x="12"/>
  </river>
  <river y="5" speed="-2" width="20">
    <boat id="b2" x="7"/>
    <boat id="b3r" x="12"/>
  </river>
  <river y="6" speed="2.5" width="30">
    <boat id="b3b" x="7"/>
    <boat id="b4c" x="20"/>
  </river>

  <road y="9" speed="-2" width="18">
    <car id="michigan" x="2"/>
    <car id="ohio" x="6" swap-time="0.3"/>
  </road>
  <road y="10" speed="3" width="20">
    <car id="iowa" x="4"/>
    <car id="nebraska" x="14" swap-time="0.3"/>
  </road>
  <road y="11" speed="-12" width="40">
    <car id="wisc" x="20"/>
  </road>
  <road y="12" speed="4" width="25">
    <car id="iowa" x="10"/>
    <car id="nebraska" x="1" swap-time="0.3"/>
  </road>
  <road y="13" speed="-1.5" width="18">
    <car id="michigan" x="5"/>
    <car id="ohio" x="14" swap-time="0.3"/>
  </road>

</level>
